c09019,32931
c09019,31482
c09019,cbk90304
c09019,32144
c09019,31482
c09119,stm91173
c09119,cbk91220
c09119,stm91172
c09119,cbk90783
c09119,maj10053
c09119,maj02080
c09119,maj03519
c09119,maj02092
c09119,maj01156
c09119,maj03445
c09119,maj01157
c09119,maj01158
c09119,37131
c09119,37151
c09119,31266
c09119,37132
c09119,37181
c09119,31269
c09119,31271
c09119,41092
c09119,31268
c09119,48024
c09119,41078
c09119,41080
c09119,31250
c09119,41040
c09119,31251
c09119,41079
c09119,42913
c09119,31256
c09119,32146
c09119,42028
c09119,41077
c09119,31005
c09119,31243
c09119,32144
c09119,32931
c09119,31272
c09119,41004
c09119,31482
c10143,stm90651
c10143,cbk90571
c10143,31265
c10143,31266
c10143,48023
c10143,31268
c10143,31271
c10143,41113
c10143,41092
c10143,smj03036
c10143,smj02064
c10143,smj02065
c10143,smj02067
c10143,smj03037
c10143,smj10051
c10143,31269
c10143,31272
c10148,stm90651
c10148,cbk90781
c10148,cbk90782
c10148,31265
c10148,31266
c10148,48023
c10148,31268
c10148,31269
c10148,41092
c10148,31247
c10148,31271
c10148,31257
c10148,31255
c10148,31258
c10148,31276
c10148,31272
c10148,31245
c10148,31280
c10148,31282
c10148,48270
c10148,31250
c10148,37131
c10148,37151
c10148,31005
c10148,32146
c10148,31243
c10148,31256
c10148,31272
c10148,41004
c10148,31253
c10148,31243
c10148,42913
c10148,31251
c10148,41019
c10148,31080
c10148,31777
c10148,31272
c10148,41021
c10148,41020
c10148,31263
c10148,31927
c10148,31277
c10148,48730
c10148,31338
c10148,31275
c10148,41900
c10148,31242
c10148,41891
c10148,48033
c10148,48436
c10219,cbk90169
c10219,stm90273
c10219,stm90651
c10219,cbk90781
c10219,maj08437
c10219,maj08438
c10219,maj08440
c10219,maj08441
c10219,maj08442
c10219,maj08446
c10219,maj09209
c10219,maj08981
c10219,31265
c10219,31266
c10219,22107
c10219,48023
c10219,31268
c10219,23115
c10219,26134
c10219,31269
c10219,41092
c10219,22207
c10219,31271
c10219,25300
c10219,31247
c10219,25556
c10219,31257
c10219,31255
c10219,25503
c10219,25557
c10219,31258
c10219,31276
c10219,31272
c10219,31245
c10219,31280
c10219,31097
c10219,31282
c10219,48270
c10219,25410
c10219,37151
c10219,31250
c10219,25503
c10219,25557
c10219,31253
c10219,31243
c10219,37131
c10219,31256
c10219,31246
c10219,41004
c10219,31272
c10219,31005
c10229,stm90651
c10229,stm91303
c10229,cbk91780
c10229,31268
c10229,31265
c10229,31266
c10229,48023
c10229,31269
c10229,48024
c10229,31260
c10229,31263
c10229,31264
c10229,31271
c10229,31262
c10229,31251
c10229,41902
c10229,41024
c10229,31777
c10229,31272
c10229,31102
c10229,31103
c10239,cbk90781
c10239,cbk90782
c10239,stm90651
c10239,31265
c10239,31266
c10239,48023
c10239,31268
c10239,31269
c10239,41092
c10239,31271
c10239,97201
c10239,976001
c10239,97202
c10239,97203
c10239,97204
c10239,976211
c10239,977210
c10239,978210
c10239,31272
c10245,stm90691
c10245,stm90651
c10245,cbk90781
c10245,31265
c10245,31268
c10245,70102
c10245,70103
c10245,31266
c10245,48023
c10245,41092
c10245,70311
c10245,31269
c10245,70114
c10245,70211
c10245,31271
c10245,70616
c10245,70104
c10245,70327
c10245,70109
c10245,70617
c10245,70108
c10245,70317
c10245,70517
c10245,31272
c10245,71116
c10245,70417
c10245,76008
c10245,76033
c10245,76057
c10245,76081
c10245,78039
c10245,76902
c10245,76012
c10245,76068
c10327,stm90651
c10327,cbk90781
c10327,cbk90782
c10327,stm90839
c10327,31265
c10327,31266
c10327,48023
c10327,31268
c10327,81511
c10327,31269
c10327,41092
c10327,81512
c10327,31271
c10327,81513
c10327,81514
c10327,31272
c10327,81515
c10327,81516
c10327,81522
c10327,81521
c10327,81531
c10327,81524
c10327,81532
c10327,81525
c10327,81523
c10327,81528
c10345,stm90990
c10345,stm90651
c10345,cbk90781
c10345,cbk90782
c10345,31265
c10345,31266
c10345,48023
c10345,31268
c10345,31269
c10345,41092
c10345,31247
c10345,31271
c10345,31257
c10345,31255
c10345,31258
c10345,31276
c10345,31016
c10345,41065
c10345,31245
c10345,31272
c10345,31280
c10345,31097
c10345,31282
c10345,48270
c10345,31250
c10345,37131
c10345,37151
c10345,31005
c10345,31256
c10345,32146
c10345,31243
c10345,31016
c10345,41065
c10345,41004
c04295,stm90979
c04295,stm90968
c04295,cbk91046
c04295,cbk91047
c04295,maj02082
c04295,maj02093
c04295,maj02084
c04295,maj02085
c04295,maj02083
c04295,cbk91043
c04295,32557
c04295,32555
c04295,32606
c04295,32524
c04295,49202
c04295,stm90974
c04295,cbk91048
c04295,32563
c04295,32541
c04295,32144
c04297,maj02087
c04297,maj02088
c04297,maj02089
c04297,maj02090
c04297,maj02091
c04297,cbk91037
c04297,maj02094
c04297,stm90968
c04297,cbk91061
c04297,cbk91060
c04297,32144
c04297,stm90974
c04297,cbk91038
c04297,32563
c04297,42282
c04297,42283
c04297,cbk91025
c04296,stm90968
c04296,cbk91046
c04296,cbk91047
c04296,cbk91053
c04296,maj02082
c04296,maj02093
c04296,maj02084
c04296,maj02085
c04296,maj02083
c04296,cbk91043
c04296,smj10069
c04296,smj10093
c04296,smj10071
c04296,smj10072
c04296,smj10070
c04296,cbk91054
c04296,smj10073
c04296,stm90974
c04296,cbk91048
c04296,32563
c04296,32541
c04296,32144
c04296,stm90975
c04296,cbk91056
c04271,stm90883
c04271,cbk90967
c04271,cbk90743
c04271,maj03476
c04271,maj03477
c04271,maj03481
c04271,maj03528
c04271,maj03535
c04271,maj03482
c04271,maj03478
c04271,maj03484
c04271,stm90868
c04271,maj03485
c04271,maj03531
c04271,maj03486
c04271,maj03479
c04271,maj03488
c04271,maj03489
c04271,cbk91788
c04271,42908
c04271,42003
c04222,stm91221
c04222,stm91222
c04222,cbk91732
c04222,42017
c04222,95566
c04222,42904
c04222,32130
c04222,32405
c04222,95563
c04222,32509
c04222,32513
c04222,95569
c04222,42070
c04222,42913
c04222,42070
c04222,cbk91738
c04222,42889
c04222,32549
c04222,32405
c04234,stm91221
c04234,stm91222
c04234,cbk91732
c04234,cbk91739
c04234,42017
c04234,95566
c04234,42904
c04234,32130
c04234,32405
c04234,95563
c04234,32509
c04234,32513
c04234,95569
c04234,42070
c04234,42913
c04234,42079
c04234,95569
c04234,42072
c04234,42079
c04160,stm91026
c04160,cbk91085
c04160,cbk91086
c04160,32118
c04160,32524
c04160,32144
c04160,cbk91087
c04160,32548
c04224,stm91195
c04224,stm91026
c04224,cbk91085
c04224,cbk91086
c04224,32606
c04224,32524
c04224,32144
c04224,32118
c04224,32548
c04224,cbk91087
c04224,32557
c04224,32541
c04224,32563
c04273,stm90867
c04273,cbk91015
c04273,cbk90743
c04273,maj03476
c04273,maj03477
c04273,maj03481
c04273,maj03528
c04273,maj03535
c04273,maj03482
c04273,maj03478
c04273,maj03484
c04273,stm90868
c04273,maj03531
c04273,maj03486
c04273,maj03479
c04273,maj03488
c04273,maj03489
c04273,42908
c04273,42003
c04423,42909
c04423,42910
c04423,42911
c04406,stm91404
c04406,stm91405
c04404,stm91387
c04404,cbk91850
c04401,42080
c04401,32541
c04401,32557
c04401,49016
c04401,32558
c04401,42038
c04401,32560
c04401,42900
c04401,42083
c04401,42084
c04401,cbk91823
c04401,cbk91738
c04402,42080
c04402,42038
c04402,32558
c04402,49016
c04402,32541
c04402,32557
c04402,32144
c04402,42083
c04402,42088
c04402,42089
c04402,cbk91823
c04402,cbk90083
c04405,42080
c04405,32541
c04405,32557
c04405,49016
c04405,32558
c04405,42038
c04405,42083
c04405,42084
c04405,cbk91823
