cbk90417,cbk90418
cbk90417,cbk90483
cbk90417,cbk90485
cbk90417,cbk90486
cbk90418,cbk90490
cbk90418,cbk90492
cbk90418,cbk90493
cbk90480,97101
cbk90480,97102
cbk90480,97103
cbk90480,97104
cbk90480,97105
cbk90480,97106
cbk90480,97109
cbk90480,97110
cbk90480,97111
cbk90480,97112
cbk90480,97113
cbk90481,97201
cbk90481,97202
cbk90481,97203
cbk90481,97204
cbk90481,97205
cbk90481,97206
cbk90481,97207
cbk90481,97208
cbk90481,97209
cbk90481,97210
cbk90483,97401
cbk90483,97402
cbk90483,97403
cbk90483,97404
cbk90483,97405
cbk90483,97406
cbk90483,97407
cbk90483,97408
cbk90483,97409
cbk90483,97410
cbk90484,97501
cbk90484,97502
cbk90484,97503
cbk90484,97504
cbk90484,97505
cbk90484,97506
cbk90484,97507
cbk90484,97508
cbk90484,97509
cbk90484,97510
cbk90485,97601
cbk90485,97602
cbk90485,97603
cbk90485,97604
cbk90485,97605
cbk90485,97606
cbk90485,97607
cbk90485,97608
cbk90486,97801
cbk90486,97802
cbk90486,97803
cbk90486,97804
cbk90486,97805
cbk90486,97806
cbk90486,97807
cbk90486,97808
smj10102,68101
smj10102,68201
smj10102,68316
smj10102,68415
smj01012,68101
smj01012,68201
smj01012,68315
smj01012,smj01012
smj01012,68414
smj01012,68415
smj01026,37131
smj01026,37242
smj01026,smj01026
smj01026,37343
smj01026,37344
smj01026,37345
smj01032,37252
smj01032,smj01032
smj01032,37131
smj01032,37132
smj01032,37151
smj01032,37161
smj01032,37253
smj01032,37255
smj01032,37262
smj01032,37356
smj01032,37363
maj01156,37161
maj01156,37233
maj01156,37234
maj01156,37252
maj01156,37262
maj01156,37335
maj01156,37363
maj01156,37438
maj01157,maj01157
maj01157,01157-2
maj01157,37161
maj01157,37233
maj01157,37242
maj01157,37252
maj01157,37343
maj01157,37344
maj01157,37262
maj01157,37345
01157-2,37363
01157-2,37481
maj01158,maj01158
maj01158,37161
maj01158,37233
maj01158,37242
maj01158,37252
maj01158,37253
maj01158,37357
maj01158,37459
maj01158,37356
maj01158,37373
maj01158,37458
smj02057,35383
smj02057,37233
smj02057,smj02057
smj02057,35363
smj02057,37131
smj02057,37132
smj02057,37151
smj02057,37161
smj02064,smj02064
smj02064,31097
smj02064,31245
smj02064,31247
smj02064,31255
smj02064,31257
smj02064,31258
smj02064,31276
smj02064,31282
smj02065,37151
smj02065,smj02065
smj02065,31250
smj02065,31005
smj02065,31075
smj02065,31256
smj02065,32146
smj02065,42028
smj02065,42913
smj02066,31264
smj02066,smj02066
smj02066,31080
smj02066,31241
smj02066,31248
smj02066,31249
smj02066,31262
smj02066,31263
smj02067,31080
smj02067,31260
smj02067,31777
smj02067,41019
maj02080,maj02080
maj02080,31245
maj02080,31247
maj02080,31255
maj02080,31257
maj02080,31258
maj02080,31276
maj02080,31280
maj02080,31097
maj02080,31282
maj02080,48270
maj02081,31005
maj02081,31250
maj02081,32146
maj02081,37131
maj02081,37151
maj02081,41004
maj02081,maj02081
maj02081,31243
maj02081,31075
maj02081,31243
maj02081,31253
maj02081,31256
maj02081,31256
maj02081,42913
maj02081,48024
maj02092,maj02092
maj02092,31080
maj02092,31260
maj02092,31777
maj02092,41019
maj02092,41021
maj02092,31250
maj02092,31262
maj02092,31263
maj02092,31285
maj02092,31748
maj02092,31927
maj02092,41020
maj02092,41889
smj03036,smj03036
smj03036,31260
smj03036,48024
smj03036,31075
smj03036,31100
smj03036,31251
smj03036,31253
smj03036,31927
smj03036,41025
smj03036,41026
smj03036,41889
smj03036,48433
smj03037,31277
smj03037,41900
smj03037,smj03037
smj03037,31274
smj03037,31275
smj03037,31338
smj03037,41890
smj03037,41891
smj03037,41903
smj03037,41905
smj03037,42036
smj03037,42037
smj03037,48033
smj03037,48436
smj03037,48450
smj03037,48730
maj03444,31251
maj03444,31260
maj03444,41025
maj03444,41026
maj03444,48024
maj03444,48433
maj03444,maj03444
maj03444,31075
maj03444,31100
maj03444,31242
maj03444,31253
maj03444,31285
maj03444,31777
maj03444,31927
maj03444,41001
maj03444,41889
maj03519,maj03519
maj03519,31260
maj03519,41025
maj03519,41026
maj03519,48433
maj03519,31075
maj03519,31100
maj03519,31242
maj03519,31253
maj03519,31285
maj03519,31777
maj03519,31927
maj03519,41001
maj03519,41075
maj03519,41889
stm91158,cbk91202
stm91158,cbk91203
smj08197,24108
smj08197,24202
smj08197,smj08197
smj08197,24205
smj08197,24220
smj08197,24306
smj08157,smj08157
smj08157,22107
smj08157,22207
smj08157,22016
smj08157,22240
smj08157,22320
smj08157,22321
smj08157,22420
smj08157,22575
smj08159,21129
smj08159,21510
smj08159,21511
smj08159,21591
smj08160,21129
smj08160,21511
smj08160,21512
smj08160,21591
smj08181,22107
smj08181,25300
smj08181,25503
smj08181,25556
smj08188,smj08188
smj08188,22107
smj08188,22566
smj08188,22207
smj08188,22240
smj08188,22567
smj08188,22573
smj08188,22575
smj08196,25300
smj08196,smj08196
smj08196,21227
smj08196,22107
smj08196,21129
smj08196,24108
smj08196,48080
smj08198,24108
smj08198,24202
smj08198,24210
smj08198,59330
maj08437,22319
maj08437,22320
maj08437,22321
maj08437,22420
maj08437,22421
maj08437,22522
maj08437,79014
maj08437,79017
maj08438,maj08438
maj08438,21440
maj08438,21504
maj08438,21510
maj08438,21511
maj08438,21512
maj08438,21513
maj08438,21227
maj08438,21228
maj08438,21555
maj08438,21591
maj08438,21595
maj08438,21999
maj08440,25410
maj08440,25503
maj08440,25556
maj08440,25557
maj08440,25622
maj08440,maj08440
maj08440,25421
maj08440,25558
maj08440,25573
maj08440,25574
maj08440,25575
maj08440,25579
maj08440,25602
maj08440,25620
maj08440,25999
maj08441,maj08441
maj08441,24100
maj08441,24202
maj08441,24210
maj08441,24309
maj08441,24415
maj08441,24104
maj08441,24205
maj08441,24211
maj08441,24212
maj08441,24220
maj08441,24222
maj08441,24223
maj08441,24224
maj08441,24306
maj08441,24331
maj08441,24999
maj08442,21506
maj08442,21510
maj08442,21511
maj08442,21591
maj08442,22240
maj08442,24220
maj08442,maj08442
maj08442,21440
maj08442,21555
maj08442,21595
maj08442,21999
maj08442,79605
maj08446,21555
maj08446,21036
maj08446,21037
maj08446,21407
maj08446,21440
maj08446,21505
maj08446,21510
maj08446,21512
maj08981,24101
maj08981,24104
maj08981,24202
maj08981,24207
maj08981,24210
maj08981,24309
maj08981,24510
maj08981,maj08981
maj08981,59330
maj08981,59333
smj09034,smj09034
smj09034,stm91314
smj09034,stm91315
smj09034,stm91316
smj09034,stm91317
smj09034,stm91318
smj09034,stm91320
smj09034,stm91321
smj09034,stm91322
smj09034,stm91323
smj09034,stm91324
smj09034,stm91325
smj09035,smj09035
smj09035,cbk90494
smj09035,cbk90495
smj09035,cbk90497
smj09035,cbk90498
smj09035,cbk90499
smj09035,cbk90500
smj09036,smj09036
smj09036,stm90016
smj09036,stm90017
smj09036,stm90018
smj09036,stm90020
smj09036,stm90021
smj09036,stm90022
smj09036,stm90023
smj09036,stm90506
smj09036,stm90507
smj09036,stm90508
smj09036,stm90509
smj09040,23115
smj09040,23566
smj09040,23570
smj09040,smj09040
smj09040,23567
smj09040,23568
maj09209,23566
maj09209,23567
maj09209,23568
maj09209,23571
maj09209,23580
maj09209,maj09209
maj09209,23002
maj09209,23005
maj09209,23021
maj09209,23022
maj09209,23418
maj09209,23504
maj09209,23565
maj09209,23569
maj09209,23570
maj09209,23572
maj09209,23592
maj09209,23999
maj09380,cbk90484
maj09380,976001
maj09380,976502
maj09380,977620
maj09380,978620
maj09409,cbk90484
maj09409,976001
maj09409,976502
maj09409,977911
maj09409,978911
maj09430,cbk90484
maj09430,976001
maj09430,976502
maj09430,977914
maj09430,977915
maj09431,976001
maj09431,cbk90484
maj09431,976502
maj09431,977542
maj09431,978542
maj09432,cbk90483
maj09432,976001
maj09432,976602
maj09432,977543
maj09432,978543
maj09433,cbk90484
maj09433,976001
maj09433,976502
maj09433,977520
maj09433,978520
maj09434,cbk90480
maj09434,976001
maj09434,976111
maj09434,977110
maj09434,978110
maj09435,cbk90483
maj09435,976001
maj09435,976411
maj09435,977410
maj09435,978410
maj09436,cbk90485
maj09436,976001
maj09436,976421
maj09436,977420
maj09436,978420
maj09437,cbk90486
maj09437,976001
maj09437,976431
maj09437,977430
maj09437,978430
maj09438,cbk90481
maj09438,976001
maj09438,976211
maj09438,977210
maj09438,978210
maj09439,cbk90484
maj09439,976001
maj09439,976502
maj09439,977530
maj09439,978530
maj09440,cbk90484
maj09440,976001
maj09440,976451
maj09440,977450
maj09440,978450
maj09441,cbk90417
maj09441,976001
maj09441,976404
maj09441,977460
maj09441,978460
maj09443,76106
maj09443,76107
maj09443,maj09443
maj09443,76097
maj09443,76105
maj09443,cbk91728
smj10051,48436
smj10051,48730
smj10051,smj10051
smj10051,31338
smj10051,37161
smj10051,41890
smj10051,41900
maj010053,maj010053
maj010053,31250
maj010053,31256
maj010053,41004
maj010053,42913
maj010053,31005
maj010053,31075
maj010053,31253
maj010053,32146
maj010053,41075
maj010053,41076
maj010053,41077
maj010053,42028
stm90016,976111
stm90016,cbk90487
stm90017,976411
stm90017,cbk90490
stm90018,976421
stm90018,cbk90492
stm90020,976431
stm90020,cbk90493
stm90021,976211
stm90021,cbk90488
stm90022,976502
stm90022,cbk90491
stm90023,976451
stm90023,cbk90491
cbk90169,maj08437
cbk90169,maj08438
cbk90169,maj08440
cbk90169,maj08441
cbk90169,maj08442
cbk90169,maj08446
cbk90169,maj08981
cbk90169,maj09209
stm90273,21129
stm90273,22107
stm90273,22207
stm90273,23115
stm90273,24108
stm90273,25300
stm90273,26100
stm90273,26134
cbk90487,97101
cbk90487,97102
cbk90487,97103
cbk90487,97104
cbk90487,97105
cbk90487,97106
cbk90487,97109
cbk90487,97110
cbk90487,97111
cbk90487,97112
cbk90487,97113
cbk90488,97201
cbk90488,97202
cbk90488,97203
cbk90488,97204
cbk90488,97205
cbk90488,97206
cbk90488,97207
cbk90488,97208
cbk90488,97209
cbk90488,97210
cbk90490,97401
cbk90490,97402
cbk90490,97403
cbk90490,97404
cbk90490,97405
cbk90490,97406
cbk90490,97407
cbk90490,97408
cbk90490,97409
cbk90490,97410
cbk90491,97501
cbk90491,97502
cbk90491,97503
cbk90491,97504
cbk90491,97505
cbk90491,97506
cbk90491,97507
cbk90491,97508
cbk90491,97509
cbk90491,97510
cbk90492,97601
cbk90492,97602
cbk90492,97603
cbk90492,97604
cbk90492,97605
cbk90492,97606
cbk90492,97607
cbk90492,97608
cbk90493,97801
cbk90493,97802
cbk90493,97803
cbk90493,97804
cbk90493,97805
cbk90493,97806
cbk90493,97807
cbk90493,97808
cbk90494,97101
cbk90494,97102
cbk90494,97103
cbk90494,97104
cbk90494,97105
cbk90494,97106
cbk90494,97109
cbk90494,97110
cbk90494,97111
cbk90494,97112
cbk90494,97113
cbk90495,97201
cbk90495,97202
cbk90495,97203
cbk90495,97204
cbk90495,97205
cbk90495,97206
cbk90495,97207
cbk90495,97208
cbk90495,97209
cbk90495,97210
cbk90497,97401
cbk90497,97402
cbk90497,97403
cbk90497,97404
cbk90497,97405
cbk90497,97406
cbk90497,97407
cbk90497,97408
cbk90497,97409
cbk90497,97410
cbk90498,97501
cbk90498,97502
cbk90498,97503
cbk90498,97504
cbk90498,97505
cbk90498,97506
cbk90498,97507
cbk90498,97508
cbk90498,97509
cbk90498,97510
cbk90499,97601
cbk90499,97602
cbk90499,97603
cbk90499,97604
cbk90499,97605
cbk90499,97606
cbk90499,97607
cbk90499,97608
cbk90500,97801
cbk90500,97802
cbk90500,97803
cbk90500,97804
cbk90500,97805
cbk90500,97806
cbk90500,97807
cbk90500,97808
stm90506,976502
stm90506,cbk90491
stm90507,976602
stm90507,cbk90490
stm90508,976404
stm90508,cbk90490
stm90509,976404
stm90509,cbk90492
stm90651,31265
stm90651,31266
stm90651,31268
stm90651,31269
stm90651,31271
stm90651,31272
stm90651,41092
stm90651,48023
cbk90781,maj02080
cbk90781,maj02081
cbk90781,maj02092
cbk90781,maj03444
cbk90781,maj03445
stm90832,70103
stm90832,70104
stm90832,70108
stm90832,70109
stm90832,70114
stm90832,70211
stm90832,70311
stm90832,70317
stm90832,70327
stm90832,70417
stm90832,70517
stm90832,70616
stm90832,70617
stm90832,71116
stm90832,70102
stm90839,81511
stm90839,81512
stm90839,81513
stm90839,81514
stm90839,81515
stm90839,81516
stm90839,81521
stm90839,81522
stm90839,81524
stm90839,81531
stm90839,81532
stm90839,stm90839
stm90839,81523
stm90839,81525
stm90839,81528
cbk90922,76002
cbk90922,76003
cbk90922,76005
cbk90922,76007
cbk90922,76008
cbk90922,76009
cbk90922,76010
cbk90922,76012
cbk90922,76013
cbk90922,76015
cbk90922,76016
cbk90922,76019
cbk90922,76020
cbk90922,76022
cbk90922,76023
cbk90922,76024
cbk90922,76025
cbk90922,76027
cbk90922,76030
cbk90922,76033
cbk90922,76034
cbk90922,76036
cbk90922,76037
cbk90922,76038
cbk90922,76039
cbk90922,76040
cbk90922,76041
cbk90922,76043
cbk90922,76045
cbk90922,76047
cbk90922,76048
cbk90922,76052
cbk90922,76056
cbk90922,76057
cbk90922,76063
cbk90922,76066
cbk90922,76068
cbk90922,76069
cbk90922,76070
cbk90922,76074
cbk90922,76080
cbk90922,76081
cbk90922,76084
cbk90922,76085
cbk90922,76086
cbk90922,76087
cbk90922,76088
cbk90922,76089
cbk90922,76090
cbk90922,76091
cbk90922,76092
cbk90922,76093
cbk90922,76094
cbk90922,76095
cbk90922,76096
cbk90922,76097
cbk90922,76098
cbk90922,76099
cbk90922,76105
cbk90922,76106
cbk90922,76108
cbk90922,76109
cbk90922,76112
cbk90922,76115
cbk90922,76212
cbk90922,76516
cbk90922,76517
cbk90922,76521
cbk90922,76801
cbk90922,76802
cbk90922,76803
cbk90922,76804
cbk90922,76900
cbk90922,76902
cbk90922,76903
cbk90922,76904
cbk90922,77715
cbk90922,77794
cbk90922,78008
cbk90922,78013
cbk90922,78016
cbk90922,78030
cbk90922,78039
cbk90922,78040
cbk90922,78042
cbk90923,76008
cbk90923,76012
cbk90923,76033
cbk90923,76057
cbk90923,76068
cbk90923,76081
cbk90923,76092
cbk90923,76109
cbk90923,76902
cbk90923,78039
stm90990,31016
stm90990,41061
stm90990,41062
stm90990,41063
stm90990,41064
stm90990,41065
stm90990,41071
stm90990,41072
stm90990,41073
stm90990,41074
stm91157,31489
stm91157,31490
stm91157,41015
stm91157,41016
stm91158,31245
stm91158,31247
stm91158,31257
stm91158,41025
stm91158,41026
stm91158,48024
stm91158,48433
stm91172,31482
stm91172,32144
stm91172,32931
stm91173,31251
stm91173,31266
stm91173,31268
stm91173,31269
stm91173,31271
stm91173,31272
stm91173,37131
stm91173,37132
stm91173,37151
stm91173,37181
stm91173,41078
stm91173,41079
stm91173,41080
stm91173,41092
stm91173,48023
stm91173,48024
cbk91202,31285
cbk91202,41001
cbk91202,41003
cbk91202,41889
cbk91202,41900
cbk91203,31250
cbk91203,31253
cbk91203,31260
cbk91220,maj01156
cbk91220,maj01157
cbk91220,maj01158
cbk91220,maj02080
cbk91220,maj02092
cbk91220,maj03445
cbk91220,maj03519
cbk91220,maj010053
stm91303,31102
stm91303,31103
stm91303,31251
stm91303,31260
stm91303,31262
stm91303,31263
stm91303,31264
stm91303,31777
stm91303,41024
stm91303,48024
stm91314,stm91314
stm91314,976001
stm91314,976111
stm91314,97101
stm91314,97102
stm91314,97103
stm91314,97104
stm91314,97105
stm91314,97106
stm91314,97109
stm91314,97110
stm91314,97111
stm91314,97112
stm91314,97113
stm91315,stm91315
stm91315,976001
stm91315,976411
stm91315,97401
stm91315,97402
stm91315,97403
stm91315,97404
stm91315,97405
stm91315,97406
stm91315,97407
stm91315,97408
stm91315,97409
stm91315,97410
stm91316,stm91316
stm91316,976001
stm91316,976421
stm91316,97601
stm91316,97602
stm91316,97603
stm91316,97604
stm91316,97605
stm91316,97606
stm91316,97607
stm91316,97608
stm91317,976001
stm91317,stm91317
stm91317,976431
stm91317,97801
stm91317,97802
stm91317,97803
stm91317,97804
stm91317,97805
stm91317,97806
stm91317,97807
stm91317,97808
stm91318,stm91318
stm91318,976001
stm91318,976211
stm91318,97201
stm91318,97202
stm91318,97203
stm91318,97204
stm91318,97205
stm91318,97206
stm91318,97207
stm91318,97208
stm91318,97209
stm91318,97210
stm91320,stm91320
stm91320,976001
stm91320,976502
stm91320,97510
stm91320,97501
stm91320,97502
stm91320,97503
stm91320,97504
stm91320,97505
stm91320,97506
stm91320,97507
stm91320,97508
stm91320,97509
stm91321,stm91321
stm91321,976001
stm91321,976602
stm91321,97401
stm91321,97402
stm91321,97403
stm91321,97404
stm91321,97405
stm91321,97406
stm91321,97407
stm91321,97409
stm91321,97410
stm91321,97408
stm91322,976001
stm91322,976451
stm91322,stm91322
stm91322,97510
stm91322,97501
stm91322,97502
stm91322,97503
stm91322,97504
stm91322,97505
stm91322,97506
stm91322,97507
stm91322,97508
stm91322,97509
stm91323,976001
stm91323,976404
stm91323,stm91323
stm91323,97409
stm91323,97401
stm91323,97402
stm91323,97403
stm91323,97404
stm91323,97405
stm91323,97406
stm91323,97407
stm91323,97408
stm91323,97410
stm91324,976404
stm91324,stm91324
stm91324,976001
stm91324,97601
stm91324,97602
stm91324,97603
stm91324,97604
stm91324,97605
stm91324,97606
stm91324,97608
stm91324,97607
stm91325,976001
stm91325,976404
stm91325,stm91325
stm91325,stm91325
stm91325,97801
stm91325,97802
stm91325,97803
stm91325,97804
stm91325,97805
stm91325,97806
stm91325,97807
stm91325,97808
cbk91728,76019
cbk91728,76020
cbk91728,76040
cbk91728,76056
cbk91728,76063
cbk91728,76070
cbk91728,76084
cbk91728,76085
cbk91728,76087
cbk91728,76089
cbk91728,76090
cbk91728,76097
cbk91728,76105
cbk91729,maj09443
cbk91729,cbk90922
cbk91780,cbk91738
cbk91780,cbk91780
cbk91780,smj10102
cbk91780,smj01012
cbk91780,smj01026
cbk91780,smj01032
cbk91780,smj02057
cbk91780,smj02064
cbk91780,smj02065
cbk91780,smj02066
cbk91780,smj02067
cbk91780,smj03036
cbk91780,smj03037
cbk91780,smj08157
cbk91780,smj08159
cbk91780,smj08160
cbk91780,smj08181
cbk91780,smj08188
cbk91780,smj08196
cbk91780,smj08197
cbk91780,smj08198
cbk91780,smj09034
cbk91780,smj09035
cbk91780,smj09036
cbk91780,smj09040
cbk91780,smj10051
cbk91780,cbk90783
9019,31482
9019,32144
9019,32931
9019,cbk90304
49119,cbk90783
49119,stm91172
49119,stm91173
49119,cbk91220
10143,cbk90571
10143,stm90651
10143,stm91157
10143,stm91158
smj10148,stm90651
smj10148,cbk90781
smj10148,cbk90782
10219,cbk90169
10219,stm90273
10219,stm90651
10219,cbk90781
10229,stm90651
10229,stm91303
10229,cbk91780
10239,cbk90005
10239,stm90651
10239,cbk90781
10239,cbk90782
10245,stm90651
10245,stm90691
10245,cbk90781
10327,stm90651
10327,cbk90781
10327,cbk90782
10327,stm90839
10345,stm90651
10345,cbk90781
10345,cbk90782
10345,stm90990
4295,stm90979
4295,cbk90968
4295,cbk91046
4295,cbk91047
stm90979,stm90979
stm90979,32557
stm90979,32555
stm90979,32606
stm90979,49202
stm90979,32524
cbk90968,32144
cbk90968,32541
cbk90968,32563
cbk91047,stm91028
cbk91047,stm91029
cbk91047,stm91030
stm91028,32931
stm91028,32934
stm91029,32933
stm91029,cbk91045
cbk91045,cbk91045
cbk91045,32998
cbk91045,32543
cbk91045,42890
cbk91045,32513
cbk91045,32113
cbk91045,32509
cbk91045,32549
cbk91045,32601
cbk91045,32009
cbk91045,32558
cbk91045,32567
cbk91045,32559
cbk91045,42904
cbk91045,42035
cbk91045,32003
cbk91045,32501
cbk91045,42036
cbk91045,32548
cbk91045,32146
cbk91045,95566
cbk91045,32309
cbk91045,95564
cbk91045,49003
cbk91045,32570
cbk91045,32569
cbk91045,32571
cbk91045,32130
cbk91045,42017
cbk91045,32004
cbk91045,32531
cbk91045,32405
cbk91045,32990
cbk91045,32040
cbk91045,32560
cbk91045,32208
cbk91045,42891
cbk91045,32027
cbk91045,32516
cbk91045,42037
cbk91045,32118
cbk91045,32011
cbk91045,32528
cbk91045,49306
cbk91045,42913
cbk91045,42027
cbk91045,95563
cbk91045,42900
cbk91045,32603
cbk91045,32931
cbk91045,49016
cbk91045,32547
cbk91045,49680
cbk91045,49227
cbk91045,42889
stm91030,32040
stm91030,cbk91045
cbk91046,cbk91043
cbk91046,42093
cbk91046,42082
cbk91046,42084
cbk91046,42085
cbk91046,42083
cbk91046,42086
42093,stm91234
42093,cbk91743
stm91234,32548
stm91234,32547
cbk91743,cbk91743
cbk91743,42904
cbk91743,42035
cbk91743,42036
cbk91743,32309
cbk91743,42891
cbk91743,42037
cbk91743,32524
cbk91743,32310
42082,cbk90974
42082,cbk91048
cbk90974,32531
cbk90974,49016
cbk91048,cbk91048
cbk91048,32601
cbk91048,32558
cbk91048,32559
cbk91048,49003
cbk91048,32569
cbk91048,32990
cbk91048,32560
cbk91048,42900
cbk91048,49680
cbk91043,cbk91043
cbk91043,32998
cbk91043,32543
cbk91043,42890
cbk91043,32513
cbk91043,32113
cbk91043,32509
cbk91043,32549
cbk91043,32601
cbk91043,32009
cbk91043,32558
cbk91043,32567
cbk91043,32559
cbk91043,42904
cbk91043,42035
cbk91043,32003
cbk91043,32501
cbk91043,42036
cbk91043,32548
cbk91043,32146
cbk91043,95566
cbk91043,32309
cbk91043,95564
cbk91043,49003
cbk91043,32570
cbk91043,32569
cbk91043,32571
cbk91043,32130
cbk91043,42017
cbk91043,32004
cbk91043,32531
cbk91043,32405
cbk91043,32990
cbk91043,32040
cbk91043,32560
cbk91043,32208
cbk91043,42891
cbk91043,32027
cbk91043,32516
cbk91043,42037
cbk91043,32118
cbk91043,32011
cbk91043,32528
cbk91043,49306
cbk91043,42913
cbk91043,42027
cbk91043,95563
cbk91043,42900
cbk91043,32603
cbk91043,32931
cbk91043,49016
cbk91043,32547
cbk91043,49680
cbk91043,49227
cbk91043,42889
42084,cbk90976
42084,cbk91050
cbk90976,32513
cbk90976,32146
cbk91050,cbk91050
cbk91050,32113
cbk91050,32567
cbk91050,42904
cbk91050,42028
cbk91050,32130
cbk91050,42913
42085,cbk90977
42085,cbk91051
cbk91051,cbk91051
cbk90977,95563
cbk90977,95566
cbk91051,32509
cbk91051,32003
cbk91051,95569
cbk91051,95564
cbk91051,42017
cbk91051,32405
cbk91051,32027
42083,stm90975
42083,cbk91049
stm90975,32547
stm90975,stm90975
stm90975,32009
stm90975,32011
cbk91049,cbk91049
cbk91049,32009
cbk91049,32548
cbk91049,42891
cbk91049,32516
cbk91049,32524
cbk91049,32118
cbk91049,32011
cbk91049,32528
cbk91049,42027
cbk91049,32520
42086,cbk90978
42086,cbk91052
cbk90978,32569
cbk90978,32570
cbk91052,cbk91052
cbk91052,32998
cbk91052,32509
cbk91052,32549
cbk91052,42904
cbk91052,32571
cbk91052,42017
cbk91052,32516
cbk91052,42913
cbk91052,32603
cbk91052,42889
4297,cbk90968
4297,cbk91061
4297,cbk91060
cbk91061,cbk91037
cbk91037,cbk91037
cbk91037,32998
cbk91037,32543
cbk91037,42890
cbk91037,32513
cbk91037,32113
cbk91037,32509
cbk91037,32549
cbk91037,32601
cbk91037,32009
cbk91037,32558
cbk91037,32567
cbk91037,32559
cbk91037,42904
cbk91037,42035
cbk91037,32003
cbk91037,32501
cbk91037,42036
cbk91037,32548
cbk91037,32146
cbk91037,95566
cbk91037,32309
cbk91037,95564
cbk91037,49003
cbk91037,32570
cbk91037,32569
cbk91037,32571
cbk91037,32130
cbk91037,42017
cbk91037,32004
cbk91037,32531
cbk91037,32405
cbk91037,32990
cbk91037,32040
cbk91037,32560
cbk91037,32208
cbk91037,42891
cbk91037,32027
cbk91037,32516
cbk91037,42037
cbk91037,32118
cbk91037,32011
cbk91037,32528
cbk91037,49306
cbk91037,42913
cbk91037,42027
cbk91037,95563
cbk91037,42900
cbk91037,32603
cbk91037,32931
cbk91037,49016
cbk91037,32547
cbk91037,49680
cbk91037,49227
cbk91037,42889
cbk91061,42094
cbk91061,42087
cbk91061,42089
cbk91061,42090
cbk91061,42088
cbk91061,42091
42094,stm91234
42094,cbk91745
cbk91745,cbk91745
cbk91745,42904
cbk91745,42035
cbk91745,42036
cbk91745,32309
cbk91745,42891
cbk91745,42037
cbk91745,32524
cbk91745,32310
42087,cbk90974
42087,cbk91038
cbk91038,cbk91038
cbk91038,32601
cbk91038,32558
cbk91038,32559
cbk91038,49003
cbk91038,32569
cbk91038,32990
cbk91038,32560
cbk91038,42900
cbk91038,49680
42089,cbk90976
42089,cbk91040
cbk91040,cbk91040
cbk91040,32113
cbk91040,32567
cbk91040,42904
cbk91040,42028
cbk91040,32130
42090,cbk90977
42090,cbk91041
cbk91041,cbk91041
cbk91041,32509
cbk91041,32003
cbk91041,95569
cbk91041,95564
cbk91041,42017
cbk91041,32405
cbk91041,32027
42088,stm90975
42088,cbk91039
cbk91039,cbk91039
cbk91039,32009
cbk91039,32548
cbk91039,42891
cbk91039,32516
cbk91039,32524
cbk91039,32118
cbk91039,32011
cbk91039,32528
cbk91039,42027
cbk91039,32520
42091,cbk90978
42091,cbk91042
cbk91042,cbk91042
cbk91042,32998
cbk91042,32509
cbk91042,32549
cbk91042,42904
cbk91042,32571
cbk91042,42017
cbk91042,32516
cbk91042,42913
cbk91042,32603
cbk91042,42889
cbk91060,cbk90982
cbk91060,cbk90981
cbk91060,stm90983
cbk90982,42286
cbk90982,32931
cbk90982,cbk91025
cbk91025,cbk91025
cbk91025,32998
cbk91025,32543
cbk91025,42890
cbk91025,32513
cbk91025,32113
cbk91025,32509
cbk91025,32549
cbk91025,32601
cbk91025,32009
cbk91025,32558
cbk91025,32567
cbk91025,32559
cbk91025,42904
cbk91025,42035
cbk91025,32003
cbk91025,32501
cbk91025,42036
cbk91025,32548
cbk91025,32146
cbk91025,95566
cbk91025,32309
cbk91025,95564
cbk91025,49003
cbk91025,32570
cbk91025,32569
cbk91025,32571
cbk91025,32130
cbk91025,42017
cbk91025,32004
cbk91025,32531
cbk91025,32405
cbk91025,32990
cbk91025,32040
cbk91025,32560
cbk91025,32208
cbk91025,42891
cbk91025,32027
cbk91025,32516
cbk91025,42037
cbk91025,32118
cbk91025,32011
cbk91025,32528
cbk91025,49306
cbk91025,42913
cbk91025,42027
cbk91025,95563
cbk91025,42900
cbk91025,32603
cbk91025,32931
cbk91025,49016
cbk91025,32547
cbk91025,49680
cbk91025,49227
cbk91025,42889
cbk90981,42282
cbk90981,42283
cbk90981,32931
cbk90981,cbk91025
stm90983,32931
stm90983,42284
stm90983,42285
stm90983,cbk91044
cbk91044,cbk91044
cbk91044,32998
cbk91044,32543
cbk91044,42890
cbk91044,32513
cbk91044,32113
cbk91044,32509
cbk91044,32549
cbk91044,32601
cbk91044,32009
cbk91044,32558
cbk91044,32567
cbk91044,32559
cbk91044,42904
cbk91044,42035
cbk91044,32003
cbk91044,32501
cbk91044,42036
cbk91044,32548
cbk91044,32146
cbk91044,95566
cbk91044,32309
cbk91044,95564
cbk91044,49003
cbk91044,32570
cbk91044,32569
cbk91044,32571
cbk91044,32130
cbk91044,42017
cbk91044,32004
cbk91044,32531
cbk91044,32405
cbk91044,32990
cbk91044,32040
cbk91044,32560
cbk91044,32208
cbk91044,42891
cbk91044,32027
cbk91044,32516
cbk91044,42037
cbk91044,32118
cbk91044,32011
cbk91044,32528
cbk91044,49306
cbk91044,42913
cbk91044,42027
cbk91044,95563
cbk91044,42900
cbk91044,32603
cbk91044,32931
cbk91044,49016
cbk91044,32547
cbk91044,49680
cbk91044,49227
cbk91044,42889
4296,cbk90968
4296,cbk91046
4296,cbk91047
4296,cbk91053
cbk91053,cbk91054
cbk91053,smj10093
cbk91053,smj10069
cbk91053,smj10071
cbk91053,smj10072
cbk91053,smj10070
cbk91053,smj10073
cbk91054,cbk91054
cbk91054,32998
cbk91054,32543
cbk91054,42890
cbk91054,32513
cbk91054,32113
cbk91054,32509
cbk91054,32549
cbk91054,32601
cbk91054,32009
cbk91054,32558
cbk91054,32567
cbk91054,32559
cbk91054,42904
cbk91054,42035
cbk91054,32003
cbk91054,32501
cbk91054,42036
cbk91054,32548
cbk91054,32146
cbk91054,95566
cbk91054,32309
cbk91054,95564
cbk91054,49003
cbk91054,32570
cbk91054,32569
cbk91054,32571
cbk91054,32130
cbk91054,42017
cbk91054,32004
cbk91054,32531
cbk91054,32405
cbk91054,32990
cbk91054,32040
cbk91054,32560
cbk91054,32208
cbk91054,42891
cbk91054,32027
cbk91054,32516
cbk91054,42037
cbk91054,32118
cbk91054,32011
cbk91054,32528
cbk91054,49306
cbk91054,42913
cbk91054,42027
cbk91054,95563
cbk91054,42900
cbk91054,32603
cbk91054,32931
cbk91054,49016
cbk91054,32547
cbk91054,49680
cbk91054,49227
cbk91054,42889
smj10093,stm91234
smj10093,cbk91744
cbk91744,cbk91744
cbk91744,42904
cbk91744,42035
cbk91744,42036
cbk91744,32309
cbk91744,42891
cbk91744,42037
cbk91744,32524
cbk91744,32310
smj10069,cbk90974
smj10069,cbk91055
cbk91055,cbk91055
cbk91055,32601
cbk91055,32558
cbk91055,32559
cbk91055,49003
cbk91055,32569
cbk91055,32990
cbk91055,32560
cbk91055,42900
cbk91055,49680
smj10071,cbk90976
smj10071,cbk91057
cbk91057,cbk91057
cbk91057,32113
cbk91057,32567
cbk91057,42904
cbk91057,42028
cbk91057,32130
smj10072,cbk90977
smj10072,cbk91058
cbk91058,cbk91058
cbk91058,32509
cbk91058,32003
cbk91058,95569
cbk91058,95564
cbk91058,42017
cbk91058,32405
cbk91058,32027
smj10070,stm90975
smj10070,cbk91056
cbk91056,cbk91056
cbk91056,32009
cbk91056,32548
cbk91056,42891
cbk91056,32516
cbk91056,32524
cbk91056,32118
cbk91056,32011
cbk91056,32528
cbk91056,42027
cbk91056,32520
smj10073,cbk90978
smj10073,cbk91059
cbk91059,cbk91059
cbk91059,32509
cbk91059,42904
cbk91059,32571
cbk91059,42017
cbk91059,32603
42710,stm90883
42710,cbk90967
42710,cbk90743
stm90883,cbk90955
stm90883,cbk90982
cbk90955,cbk90955
cbk90955,32601
cbk90955,49001
cbk90955,49002
cbk90955,49006
cbk90955,49004
cbk90982,cbk90982
cbk90982,49098
cbk90982,49069
cbk90982,49309
cbk90982,49003
cbk90982,49016
cbk90982,49680
cbk90743,cbk90743
cbk90743,42890
cbk90743,49312
cbk90743,49274
cbk90743,32009
cbk90743,49254
cbk90743,42991
cbk90743,49049
cbk90743,49322
cbk90743,49136
cbk90743,49098
cbk90743,49118
cbk90743,42001
cbk90743,49261
cbk90743,42906
cbk90743,49131
cbk90743,49255
cbk90743,42904
cbk90743,42035
cbk90743,49202
cbk90743,49325
cbk90743,49151
cbk90743,49116
cbk90743,49329
cbk90743,42036
cbk90743,32548
cbk90743,32606
cbk90743,49127
cbk90743,49928
cbk90743,42907
cbk90743,49122
cbk90743,49003
cbk90743,49026
cbk90743,32557
cbk90743,49027
cbk90743,49024
cbk90743,49022
cbk90743,49023
cbk90743,32570
cbk90743,49029
cbk90743,49125
cbk90743,49021
cbk90743,49115
cbk90743,49047
cbk90743,49256
cbk90743,49117
cbk90743,32555
cbk90743,49257
cbk90743,32563
cbk90743,42889
cbk90743,49307
cbk90743,42037
cbk90743,49001
cbk90743,32524
cbk90743,32553
cbk90743,49069
cbk90743,42903
cbk90743,49013
cbk90743,49002
cbk90743,42905
cbk90743,49316
cbk90743,49025
cbk90743,32118
cbk90743,32011
cbk90743,32528
cbk90743,32310
cbk90743,49275
cbk90743,49989
cbk90743,49258
cbk90743,49028
cbk90743,49150
cbk90743,49119
cbk90743,32541
cbk90743,49309
cbk90743,49306
cbk90743,49706
cbk90743,49006
cbk90743,49106
cbk90743,42913
cbk90743,42027
cbk90743,49133
cbk90743,32005
cbk90743,42020
cbk90743,49134
cbk90743,42900
cbk90743,42912
cbk90743,32520
cbk90743,49004
cbk90743,32603
cbk90743,32931
cbk90743,49016
cbk90743,49215
cbk90743,49102
cbk90743,49205
cbk90743,49328
cbk90743,32547
cbk90743,49107
cbk90743,49680
cbk90743,49123
cbk90743,49048
cbk90743,49227
cbk90967,maj03476
cbk90967,maj03477
cbk90967,maj03481
cbk90967,maj03528
cbk90967,maj03535
cbk90967,maj03482
cbk90967,maj03478
cbk90967,maj03484
cbk90967,stm90868
cbk90967,maj03485
cbk90967,maj03531
cbk90967,maj03486
cbk90967,maj03479
cbk90967,maj03488
cbk90967,maj03489
maj03528,stm90859
maj03528,stm91237
maj03528,cbk91747
stm90859,42908
stm90859,42003
stm91237,32548
stm91237,32547
cbk91747,cbk91747
cbk91747,32309
cbk91747,42891
cbk91747,42904
cbk91747,42035
cbk91747,49202
cbk91747,42036
cbk91747,42037
maj03535,stm90859
maj03535,stm91412
maj03535,cbk91873
stm91412,42093
stm91412,42094
cbk91873,42090
cbk91873,42091
cbk91873,42092
maj03531,42908
maj03531,42043
maj03531,42044
maj03531,maj03531
maj03531,49274
maj03531,49261
maj03531,49329
maj03531,42003
maj03531,32555
maj03531,49275
maj03531,42045
maj03531,24983
maj03488,stm90859
maj03488,stm90881
maj03488,cbk90980
stm90881,49227
stm90881,49202
cbk90980,cbk90980
cbk90980,42890
cbk90980,32548
cbk90980,42903
cbk90980,32118
cbk90980,42058
cbk90980,32528
cbk90980,42027
cbk90980,49205
cbk90980,49048
maj03476,stm90869
maj03476,cbk90969
maj03476,stm90859
stm90869,42721
stm90869,42060
cbk90969,stm91415
cbk90969,stm91416
cbk90969,stm91417
stm91417,49261
stm91417,49275
stm91417,42906
stm91415,91132
stm91415,42743
stm91415,42001
stm91416,42722
stm91416,42026
stm91416,42724
maj03477,cbk91788
maj03477,cbk90970
maj03477,stm90859
cbk91788,cbk91788
cbk91788,49255
cbk91788,49151
cbk91788,49257
cbk91788,49106
cbk90970,cbk90970
cbk90970,49254
cbk90970,49255
cbk90970,49116
cbk90970,42907
cbk90970,49256
cbk90970,49257
cbk90970,49258
cbk90970,49106
cbk90970,49102
cbk90970,49107
maj03481,stm90874
maj03481,cbk90973
maj03481,stm90859
stm90874,49275
stm90874,49274
cbk90973,cbk90973
cbk90973,49261
cbk90973,32555
cbk90973,32603
cbk90973,49048
cbk90973,49227
maj03482,stm90875
maj03482,cbk90974
maj03482,stm90859
stm90875,42012
stm90875,42991
cbk90974,cbk90974
cbk90974,49049
cbk90974,49116
cbk90974,49127
cbk90974,49257
cbk90974,42011
cbk90974,42912
cbk90974,49123
maj03478,cbk90971
maj03478,cbk91789
maj03478,stm90859
cbk91789,cbk91789
cbk91789,49254
cbk91789,49118
cbk91789,49258
cbk91789,49119
cbk90971,cbk90971
cbk90971,49254
cbk90971,49118
cbk90971,49116
cbk90971,49257
cbk90971,49258
cbk90971,49119
cbk90971,49106
cbk90971,49102
maj03484,stm90877
maj03484,cbk90976
maj03484,stm90859
stm90877,49325
stm90877,49928
cbk90976,cbk90976
cbk90976,49312
cbk90976,49049
cbk90976,49322
cbk90976,49329
cbk90976,49307
cbk90976,49002
cbk90976,49316
cbk90976,49328
stm90868,cbk90968
stm90868,stm90859
cbk90968,cbk90968
cbk90968,42890
cbk90968,49312
cbk90968,49274
cbk90968,32009
cbk90968,49254
cbk90968,42991
cbk90968,49049
cbk90968,49322
cbk90968,49136
cbk90968,49098
cbk90968,49118
cbk90968,42001
cbk90968,49261
cbk90968,42906
cbk90968,49131
cbk90968,49255
cbk90968,42904
cbk90968,42035
cbk90968,49202
cbk90968,49325
cbk90968,49151
cbk90968,49116
cbk90968,49329
cbk90968,42036
cbk90968,32548
cbk90968,32606
cbk90968,49127
cbk90968,49928
cbk90968,42907
cbk90968,49122
cbk90968,49003
cbk90968,49026
cbk90968,32557
cbk90968,49027
cbk90968,49024
cbk90968,49022
cbk90968,49023
cbk90968,32570
cbk90968,49029
cbk90968,49125
cbk90968,49021
cbk90968,49115
cbk90968,49047
cbk90968,49256
cbk90968,49117
cbk90968,32555
cbk90968,49257
cbk90968,32563
cbk90968,42889
cbk90968,49307
cbk90968,42037
cbk90968,49001
cbk90968,32524
cbk90968,32553
cbk90968,49069
cbk90968,42903
cbk90968,49013
cbk90968,49002
cbk90968,42905
cbk90968,49316
cbk90968,49025
cbk90968,32118
cbk90968,32011
cbk90968,32528
cbk90968,32310
cbk90968,49275
cbk90968,49989
cbk90968,49258
cbk90968,49028
cbk90968,49150
cbk90968,49119
cbk90968,32541
cbk90968,49309
cbk90968,49306
cbk90968,49706
cbk90968,49006
cbk90968,49106
cbk90968,42913
cbk90968,42027
cbk90968,49133
cbk90968,32005
cbk90968,42020
cbk90968,49134
cbk90968,42900
cbk90968,42912
cbk90968,32520
cbk90968,49004
cbk90968,32603
cbk90968,32931
cbk90968,49016
cbk90968,49215
cbk90968,49102
cbk90968,49205
cbk90968,49328
cbk90968,32547
cbk90968,49107
cbk90968,49680
cbk90968,49123
cbk90968,49048
cbk90968,49227
maj03485,stm90878
maj03485,cbk90977
maj03485,stm90859
stm90878,49989
stm90878,49306
cbk90977,cbk90977
cbk90977,49309
cbk90977,49016
cbk90977,49680
maj03486,stm90879
maj03486,cbk90978
maj03486,stm90859
stm90879,32547
stm90879,stm90879
stm90879,32998
stm90879,32549
stm90879,42889
cbk90978,cbk90978
cbk90978,42904
cbk90978,32570
cbk90978,32571
cbk90978,49227
cbk90978,42889
maj03479,cbk91787
maj03479,cbk90972
maj03479,stm90859
cbk91787,cbk91787
cbk91787,49131
cbk91787,49047
cbk91787,49150
cbk91787,49133
cbk90972,cbk90972
cbk90972,49254
cbk90972,49136
cbk90972,49131
cbk90972,49151
cbk90972,42907
cbk90972,49115
cbk90972,49150
cbk90972,49133
cbk90972,49134
maj03489,stm90882
maj03489,cbk90981
maj03489,stm90859
stm90882,49107
stm90882,49255
cbk90981,cbk90981
cbk90981,49116
cbk90981,49127
cbk90981,49256
cbk90981,49117
24222,stm91221
24222,stm91222
24222,cbk91732
stm91221,42070
stm91221,42017
stm91221,32509
stm91221,95563
stm91222,32405
stm91222,95566
stm91222,95569
cbk91732,stm91225
cbk91732,stm91226
cbk91732,cbk91733
cbk91732,stm91227
stm91225,32130
stm91225,32513
stm91225,stm91225
stm91225,42904
stm91225,32146
stm91225,42077
stm91225,42078
stm91225,42913
stm91226,32003
stm91226,stm91226
stm91226,91226-2
stm91226,42075
stm91226,42056
91226-2,32543
91226-2,32004
91226-2,32027
91226-2,42077
91226-2,42078
cbk91733,cbk91737
cbk91733,stm91224
cbk91733,stm91223
cbk91733,42071
stm91224,42072
stm91224,cbk91738
stm91223,42073
stm91223,42074
stm91227,32516
stm91227,32549
stm91227,stm91227
stm91227,32998
stm91227,32606
stm91227,95564
stm91227,32555
stm91227,32004
stm91227,32027
stm91227,42077
stm91227,42078
stm91227,42889
4234,stm91221
4234,stm91222
4234,cbk91732
4234,cbk91739
cbk91739,cbk91733
cbk91739,42079
4160,stm91026
4160,cbk91085
4160,cbk91086
stm91026,32144
stm91026,32118
stm91026,32524
stm91026,32548
stm91026,cbk91087
cbk91087,cbk91087
cbk91087,32998
cbk91087,32549
cbk91087,32547
cbk91085,cbk91085
cbk91085,32998
cbk91085,32543
cbk91085,42890
cbk91085,32513
cbk91085,32113
cbk91085,32509
cbk91085,32549
cbk91085,32601
cbk91085,32009
cbk91085,32558
cbk91085,32567
cbk91085,32559
cbk91085,42904
cbk91085,42035
cbk91085,32003
cbk91085,32501
cbk91085,42036
cbk91085,32548
cbk91085,32146
cbk91085,95566
cbk91085,32309
cbk91085,95564
cbk91085,49003
cbk91085,32570
cbk91085,32569
cbk91085,32571
cbk91085,32130
cbk91085,42017
cbk91085,32004
cbk91085,32531
cbk91085,32405
cbk91085,32990
cbk91085,32040
cbk91085,32560
cbk91085,32208
cbk91085,42891
cbk91085,32027
cbk91085,32516
cbk91085,42037
cbk91085,32118
cbk91085,32011
cbk91085,32528
cbk91085,49306
cbk91085,42913
cbk91085,42027
cbk91085,95563
cbk91085,42900
cbk91085,32603
cbk91085,32931
cbk91085,49016
cbk91085,32547
cbk91085,49680
cbk91085,49227
cbk91085,42889
cbk91086,cbk91086
cbk91086,32040
cbk91086,32933
24224,stm91195
24224,stm91026
24224,cbk91085
24224,cbk91086
stm91195,32541
stm91195,32563
stm91195,32557
stm91195,32606
4273,stm90867
4273,cbk91015
4273,cbk90743
stm90867,cbk90955
stm90867,cbk90966
cbk90966,cbk90966
cbk90966,49098
cbk90966,49003
cbk90966,49069
cbk90966,49309
cbk90966,49016
cbk90966,49680
cbk91015,maj03476
cbk91015,maj03477
cbk91015,maj03481
cbk91015,maj03528
cbk91015,maj03535
cbk91015,maj03482
cbk91015,maj03478
cbk91015,maj03484
cbk91015,stm90868
cbk91015,maj03485
cbk91015,maj03531
cbk91015,maj03486
cbk91015,maj03479
cbk91015,maj03488
cbk91015,maj03489
4423,42909
4423,42910
4423,42911
4406,stm91404
4406,stm91405
stm91404,stm91404
stm91404,42030
stm91404,42704
stm91404,42039
stm91404,42702
stm91404,42040
stm91405,cbk91868
stm91405,cbk91870
cbk91868,smj08098
cbk91868,smj10099
cbk91868,smj10104
cbk91868,smj10118
cbk91868,smj10109
cbk91868,cbk91052
cbk91868,smj10112
cbk91868,smj10108
cbk91868,smj10115
cbk91868,smj10113
cbk91868,smj10107
cbk91868,smj10110
cbk91868,smj10116
cbk91868,smj10102
cbk91868,smj10106
cbk91868,cbk91053
cbk91868,smj10103
cbk91868,smj10100
cbk91868,cbk91869
cbk91868,smj10111
cbk91868,smj10105
cbk91868,smj09037
cbk91868,cbk91849
cbk91868,smj08075
cbk91868,smj08213
cbk91868,smj08202
cbk91868,smj08066
cbk91868,42038
cbk91868,smj08148
cbk91868,smj09035
cbk91868,smj08208
cbk91868,smj08207
cbk91868,68201
cbk91868,smj08209
cbk91868,smj08037
cbk91868,smj10123
cbk91868,smj08155
cbk91868,81531
cbk91868,smj08038
cbk91868,smj08184
cbk91868,smj10087
cbk91870,smj10099
cbk91870,smj10148
cbk91870,smj10104
cbk91870,smj10109
cbk91870,smj10112
cbk91870,smj10108
cbk91870,smj10113
cbk91870,smj10107
cbk91870,smj10110
cbk91870,cbk91869
cbk91870,smj10111
cbk91870,42038
cbk91870,smj10028
cbk91870,68201
cbk91870,smj08037
cbk91870,smj10123
smj10028,99021
smj10028,99022
smj10028,99023
smj10028,99024
cbk91869,cbk91869
cbk91869,32998
cbk91869,32543
cbk91869,42890
cbk91869,32513
cbk91869,32113
cbk91869,32509
cbk91869,32549
cbk91869,32601
cbk91869,32009
cbk91869,32558
cbk91869,32567
cbk91869,32559
cbk91869,42904
cbk91869,42035
cbk91869,32003
cbk91869,32501
cbk91869,42036
cbk91869,32548
cbk91869,32146
cbk91869,95566
cbk91869,32309
cbk91869,95564
cbk91869,49003
cbk91869,32570
cbk91869,32569
cbk91869,32571
cbk91869,32130
cbk91869,42017
cbk91869,32004
cbk91869,32531
cbk91869,32405
cbk91869,32990
cbk91869,32040
cbk91869,32560
cbk91869,32208
cbk91869,42891
cbk91869,32027
cbk91869,32516
cbk91869,42037
cbk91869,32118
cbk91869,32011
cbk91869,32528
cbk91869,49306
cbk91869,42913
cbk91869,42027
cbk91869,95563
cbk91869,42900
cbk91869,32603
cbk91869,32931
cbk91869,49016
cbk91869,32547
cbk91869,49680
cbk91869,49227
cbk91869,42889
4405,42080
4405,32541
4405,32557
4405,49016
4405,32558
4405,42038
4405,42083
4405,42084
4405,cbk91823
cbk91823,stm91378
stm91378,stm91377
stm91378,cbk91824
cbk91824,cbk91824
stm91377,42082
cbk91824,42086
cbk91824,42085
cbk91824,42087
4401,42080
4401,32541
4401,32557
4401,49016
4401,32558
4401,42038
4401,32560
4401,42900
4401,42083
4401,42084
4401,cbk91823
4401,cbk91738
4402,42080
4402,42038
4402,32558
4402,49016
4402,32541
4402,32557
4402,32144
4402,42083
4402,42088
4402,42089
4402,cbk91823
4402,cbk90083
4404,stm91387
4404,cbk91850
stm91387,stm91387
stm91387,42704
stm91387,42701
stm91387,42703
stm91387,42704
cbk91850,cbk91850
cbk91850,smj08098
cbk91850,smj10099
cbk91850,smj10148
cbk91850,smj10104
cbk91850,smj10118
cbk91850,smj10109
cbk91850,cbk91052
cbk91850,smj10112
cbk91850,smj10108
cbk91850,smj10115
cbk91850,smj10113
cbk91850,smj10107
cbk91850,smj10110
cbk91850,smj10116
cbk91850,smj10102
cbk91850,smj10106
cbk91850,cbk91053
cbk91850,smj10103
cbk91850,smj10100
cbk91850,smj10111
cbk91850,smj10105
cbk91850,smj09037
cbk91850,cbk91849
cbk91850,cbk91854
cbk91850,smj08075
cbk91850,smj08213
cbk91850,smj08202
cbk91850,smj08066
cbk91850,42038
cbk91850,smj08148
cbk91850,smj09035
cbk91850,smj08208
cbk91850,smj08207
cbk91850,68201
cbk91850,smj08209
cbk91850,smj08037
cbk91850,smj10123
cbk91850,smj08155
cbk91850,81531
cbk91850,smj08038
cbk91850,smj08184
cbk91850,smj10087
smj08098,22708
smj08098,22759
smj08098,22787
smj08098,22799
smj10099,42709
smj10099,smj10099
smj10099,42710
smj10099,42711
smj10099,21953
smj10099,42712
smj10099,42713
smj10099,42714
smj10099,42715
smj10099,42716
smj10148,smj10148
smj10148,80110
smj10148,80111
smj10148,80112
smj10148,80113
smj10148,80114
smj10148,80115
smj10148,80116
smj10148,80117
smj10148,80118
smj10148,80119
smj10104,42721
smj10104,smj10104
smj10104,42001
smj10104,49261
smj10104,42026
smj10104,42906
smj10104,91132
smj10104,49275
smj10118,smj10118
smj10118,22788
smj10118,25720
smj10118,21953
smj10118,24748
smj10118,21955
smj10118,21958
smj10118,21960
smj10118,23707
smj10118,21954
smj10118,21961
smj10109,32531
smj10109,32557
smj10109,smj10109
smj10109,32558
smj10109,32559
smj10109,32569
smj10109,32990
smj10109,32560
smj10109,42900
smj10109,49016
cbk91052,cbk91052
cbk91052,57031
cbk91052,57162
cbk91052,57122
cbk91052,57142
smj10112,32548
smj10112,32547
smj10112,32524
smj10112,smj10112
smj10112,42904
smj10112,42035
smj10112,49202
smj10112,42036
smj10112,32309
smj10112,42891
smj10112,42037
smj10112,32310
smj10108,32130
smj10108,32513
smj10108,smj10108
smj10108,32567
smj10108,42904
smj10108,32146
smj10108,42028
smj10108,42913
smj10115,13220
smj10115,13221
smj10115,13222
smj10115,13223
smj10113,42719
smj10113,42720
smj10113,42717
smj10113,42718
smj10107,42017
smj10107,32509
smj10107,42070
smj10107,95563
smj10110,32547
smj10110,32524
smj10110,smj10110
smj10110,32009
smj10110,32548
smj10110,42891
smj10110,32516
smj10110,32118
smj10110,32011
smj10110,32528
smj10110,42027
smj10110,32520
smj10116,13225
smj10116,13226
smj10116,13227
smj10116,cbk91881
cbk91881,cbk91881
cbk91881,13220
cbk91881,13224
cbk91881,13162
smj10102,smj10102
smj10102,49006
smj10102,49680
smj10102,49989
smj10102,49004
smj10106,49098
smj10106,49069
smj10106,49309
smj10106,49002
cbk91053,cbk91053
cbk91053,57053
cbk91053,57031
cbk91053,57046
cbk91053,57145
smj10103,smj10103
smj10103,49098
smj10103,49003
smj10103,49001
smj10103,49069
smj10103,49002
smj10103,49309
smj10103,49006
smj10103,49004
smj10103,49680
smj10100,49989
smj10100,49306
smj10100,49006
smj10100,49309
smj10111,32569
smj10111,32570
smj10111,32557
smj10111,smj10111
smj10111,32509
smj10111,42904
smj10111,32571
smj10111,42017
smj10111,32603
smj10105,49306
smj10105,49016
smj10105,49006
smj10105,49004
smj09037,smj09037
smj09037,78625
smj09037,77947
smj09037,79708
smj09037,78126
smj09037,78122
smj09037,79771
smj09037,78214
smj09037,77716
smj09037,77938
smj09037,77942
smj09037,78244
smj09037,77745
smj09037,78113
cbk91849,cbk91849
cbk91849,80110
cbk91849,42822
cbk91849,80111
cbk91849,80112
cbk91849,80113
cbk91849,42823
cbk91849,80114
cbk91849,42821
cbk91849,42824
cbk91849,42701
cbk91849,42039
cbk91849,42703
cbk91849,42702
cbk91849,42828
cbk91849,42826
cbk91849,80115
cbk91849,42827
cbk91849,42825
cbk91849,42820
cbk91849,80116
cbk91849,42040
cbk91849,80117
cbk91849,80118
cbk91849,80119
cbk91854,cbk91854
cbk91854,42822
cbk91854,42823
cbk91854,42821
cbk91854,42824
cbk91854,42701
cbk91854,42039
cbk91854,42703
cbk91854,42702
cbk91854,42828
cbk91854,42826
cbk91854,42827
cbk91854,42825
cbk91854,42820
cbk91854,42040
smj08075,smj08075
smj08075,49001
smj08075,49002
smj08075,49309
smj08075,49306
smj08075,49004
smj08075,49016
smj08213,smj08213
smj08213,21939
smj08213,21936
smj08213,21778
smj08213,21930
smj08213,21854
smj08202,25742
smj08202,smj08202
smj08202,25741
smj08202,25765
smj08202,25705
smj08202,25721
smj08066,21720
smj08066,21702
smj08066,21883
smj08066,21884
smj08066,21887
smj08066,21888
42038,42038
42038,stm90695
42038,cbk90802
stm90695,32555
stm90695,32524
stm90695,32557
stm90695,32606
cbk90802,cbk90802
cbk90802,32998
cbk90802,32543
cbk90802,42890
cbk90802,32513
cbk90802,32113
cbk90802,32509
cbk90802,32549
cbk90802,32601
cbk90802,32009
cbk90802,32558
cbk90802,32567
cbk90802,32559
cbk90802,42904
cbk90802,42035
cbk90802,32003
cbk90802,32501
cbk90802,42036
cbk90802,32548
cbk90802,32146
cbk90802,95566
cbk90802,32309
cbk90802,95564
cbk90802,49003
cbk90802,32570
cbk90802,32569
cbk90802,32571
cbk90802,32130
cbk90802,42017
cbk90802,32004
cbk90802,32531
cbk90802,32405
cbk90802,32990
cbk90802,32040
cbk90802,32560
cbk90802,32208
cbk90802,42891
cbk90802,32027
cbk90802,32516
cbk90802,42037
cbk90802,32118
cbk90802,32011
cbk90802,32528
cbk90802,49306
cbk90802,42913
cbk90802,42027
cbk90802,95563
cbk90802,42900
cbk90802,32603
cbk90802,32931
cbk90802,49016
cbk90802,32547
cbk90802,49680
cbk90802,49227
cbk90802,42889
smj08148,21012
smj08148,21717
smj08148,21811
smj08148,21854
smj09035,smj09035
smj09035,cbk90497
smj09035,cbk90494
smj09035,cbk90499
smj09035,cbk90500
smj09035,cbk90495
smj09035,cbk90498
cbk90497,cbk90497
cbk90497,97409
cbk90497,97407
cbk90497,97401
cbk90497,97402
cbk90497,97403
cbk90497,97404
cbk90497,97405
cbk90497,97406
cbk90497,97410
cbk90497,97408
cbk90494,cbk90494
cbk90494,97113
cbk90494,97111
cbk90494,97112
cbk90494,97101
cbk90494,97102
cbk90494,97103
cbk90494,97104
cbk90494,97105
cbk90494,97106
cbk90494,97109
cbk90494,97114
cbk90494,97115
cbk90494,97110
cbk90499,cbk90499
cbk90499,97607
cbk90499,97601
cbk90499,97602
cbk90499,97603
cbk90499,97604
cbk90499,97606
cbk90499,97608
cbk90499,97605
cbk90500,cbk90500
cbk90500,97801
cbk90500,97802
cbk90500,97803
cbk90500,97804
cbk90500,97808
cbk90500,97606
cbk90500,97607
cbk90500,97605
cbk90495,cbk90495
cbk90495,97207
cbk90495,97201
cbk90495,97202
cbk90495,97203
cbk90495,97204
cbk90495,97205
cbk90495,97206
cbk90495,97208
cbk90495,97209
cbk90495,97210
cbk90498,cbk90498
cbk90498,97510
cbk90498,97507
cbk90498,97509
cbk90498,97501
cbk90498,97502
cbk90498,97503
cbk90498,97504
cbk90498,97505
cbk90498,97506
cbk90498,97508
smj08208,21717
smj08208,21811
smj08208,21926
smj08208,21929
smj08207,24734
smj08207,24710
smj08207,smj08207
smj08207,24752
smj08207,24729
smj08207,24749
smj08207,24720
smj08207,24750
smj08207,24713
smj08207,24736
smj08207,24730
smj08207,24760
smj08207,24742
smj08207,24707
smj08207,24738
smj08207,24706
68201,24734
68201,24750
68201,24720
68201,24757
smj08209,21817
smj08209,21767
smj08209,21879
smj08209,21778
smj08037,21741
smj08037,21797
smj08037,smj08037
smj08037,21948
smj08037,21745
smj08037,21877
smj08037,21946
smj08037,21947
smj10123,60117
smj10123,smj10123
smj10123,68109
smj10123,60105
smj10123,60904
smj10123,60109
smj10123,60903
smj10123,60106
smj10123,60116
smj08155,smj08155
smj08155,21854
smj08155,21918
smj08155,21952
smj08155,21935
smj08155,21920
81531,57214
81531,57210
81531,57215
smj08038,smj08038
smj08038,21008
smj08038,21811
smj08038,21012
smj08038,21832
smj08038,21854
smj08038,21797
smj08184,24734
smj08184,smj08184
smj08184,24750
smj08184,24707
smj08184,24738
smj08184,24706
smj10087,21832
smj10087,21012
smj10087,21879
